"genus_species","site_name","z_drought","species_site_name"
"Adelpha bredowii californica","Castle Peak",0.791234165326875,"Adelpha bredowii californica_Castle Peak"
"Adelpha bredowii californica","Donner Pass",-0.689064147565056,"Adelpha bredowii californica_Donner Pass"
"Adelpha bredowii californica","Lang Crossing",0.0553414901024821,"Adelpha bredowii californica_Lang Crossing"
"Agriades podarce","Castle Peak",0.699491413879783,"Agriades podarce_Castle Peak"
"Agriades podarce","Donner Pass",-0.705399257098524,"Agriades podarce_Donner Pass"
"Amblyscirtes vialis","Lang Crossing",-0.490400229991017,"Amblyscirtes vialis_Lang Crossing"
"Anthocharis lanceolata","Lang Crossing",-0.00415772239668438,"Anthocharis lanceolata_Lang Crossing"
"Anthocharis sara sara","Donner Pass",-0.0250496112965368,"Anthocharis sara sara_Donner Pass"
"Anthocharis sara sara","Lang Crossing",-0.112284334837609,"Anthocharis sara sara_Lang Crossing"
"Anthocharis stella","Castle Peak",0.80475521827538,"Anthocharis stella_Castle Peak"
"Anthocharis stella","Donner Pass",0.113413642651955,"Anthocharis stella_Donner Pass"
"Apodemia mormo","Donner Pass",-0.536334082635942,"Apodemia mormo_Donner Pass"
"Apodemia mormo","Lang Crossing",-0.229298338019805,"Apodemia mormo_Lang Crossing"
"Atlides halesus","Lang Crossing",-0.460823147246342,"Atlides halesus_Lang Crossing"
"Boloria epithore","Castle Peak",0.288870015826073,"Boloria epithore_Castle Peak"
"Boloria epithore","Donner Pass",0.412896377279977,"Boloria epithore_Donner Pass"
"Boloria epithore","Lang Crossing",-0.537469212930333,"Boloria epithore_Lang Crossing"
"Callophrys sheridanii lemberti","Castle Peak",-0.00317851210778062,"Callophrys sheridanii lemberti_Castle Peak"
"Callophrys sheridanii lemberti","Donner Pass",-0.47753625674205,"Callophrys sheridanii lemberti_Donner Pass"
"Callophrys sheridanii lemberti","Lang Crossing",-0.258927622627232,"Callophrys sheridanii lemberti_Lang Crossing"
"Celastrina ladon echo","Castle Peak",0.472839150145356,"Celastrina ladon echo_Castle Peak"
"Celastrina ladon echo","Donner Pass",0.101640224647732,"Celastrina ladon echo_Donner Pass"
"Celastrina ladon echo","Lang Crossing",0.664161918102475,"Celastrina ladon echo_Lang Crossing"
"Cercyonis oetus","Castle Peak",-0.0337672281231032,"Cercyonis oetus_Castle Peak"
"Cercyonis sthenele silvestris","Lang Crossing",-0.778689649799751,"Cercyonis sthenele silvestris_Lang Crossing"
"Chlosyne hoffmanni","Castle Peak",0.882445039305753,"Chlosyne hoffmanni_Castle Peak"
"Chlosyne hoffmanni","Donner Pass",0.345126815461457,"Chlosyne hoffmanni_Donner Pass"
"Chlosyne palla","Donner Pass",1.11182537598321,"Chlosyne palla_Donner Pass"
"Chlosyne palla","Lang Crossing",-0.0339145935546088,"Chlosyne palla_Lang Crossing"
"Coenonympha tullia ampelos","Donner Pass",-0.662338500834621,"Coenonympha tullia ampelos_Donner Pass"
"Coenonympha tullia california","Lang Crossing",-0.24881265262741,"Coenonympha tullia california_Lang Crossing"
"Colias eurytheme","Castle Peak",-0.213836635848134,"Colias eurytheme_Castle Peak"
"Colias eurytheme","Donner Pass",-0.784276502815194,"Colias eurytheme_Donner Pass"
"Colias eurytheme","Lang Crossing",-0.138385771086711,"Colias eurytheme_Lang Crossing"
"Danaus plexippus","Castle Peak",-0.167036008531789,"Danaus plexippus_Castle Peak"
"Danaus plexippus","Donner Pass",-0.536316425193258,"Danaus plexippus_Donner Pass"
"Danaus plexippus","Lang Crossing",-0.343044771792852,"Danaus plexippus_Lang Crossing"
"Epargyreus clarus","Lang Crossing",1.2951682356844,"Epargyreus clarus_Lang Crossing"
"Erynnis icelus","Lang Crossing",-0.644652507850195,"Erynnis icelus_Lang Crossing"
"Erynnis persius","Donner Pass",-0.571021957732707,"Erynnis persius_Donner Pass"
"Erynnis persius","Lang Crossing",-0.276993632219795,"Erynnis persius_Lang Crossing"
"Erynnis propertius","Castle Peak",0.287059274684314,"Erynnis propertius_Castle Peak"
"Erynnis propertius","Donner Pass",-0.0616962733055668,"Erynnis propertius_Donner Pass"
"Erynnis propertius","Lang Crossing",0.300917922432675,"Erynnis propertius_Lang Crossing"
"Euchloe ausonides","Castle Peak",-0.707368879862324,"Euchloe ausonides_Castle Peak"
"Euchloe hyantis hyantis","Castle Peak",0.338980056822552,"Euchloe hyantis hyantis_Castle Peak"
"Euchloe hyantis hyantis","Donner Pass",-0.565098003584042,"Euchloe hyantis hyantis_Donner Pass"
"Euchloe hyantis hyantis","Lang Crossing",0.636456718244028,"Euchloe hyantis hyantis_Lang Crossing"
"Euphilotes battoides","Castle Peak",0.998272763473369,"Euphilotes battoides_Castle Peak"
"Euphilotes battoides","Donner Pass",0.687421404039298,"Euphilotes battoides_Donner Pass"
"Euphilotes battoides","Lang Crossing",0.825514457233226,"Euphilotes battoides_Lang Crossing"
"Euphilotes enoptes","Castle Peak",-0.660823850713042,"Euphilotes enoptes_Castle Peak"
"Euphilotes enoptes","Donner Pass",0.184369646177203,"Euphilotes enoptes_Donner Pass"
"Euphilotes enoptes","Lang Crossing",-0.354548370407652,"Euphilotes enoptes_Lang Crossing"
"Euphydryas chalcedona","Lang Crossing",-0.217259760540997,"Euphydryas chalcedona_Lang Crossing"
"Everes amyntula","Castle Peak",0.437584984399786,"Everes amyntula_Castle Peak"
"Everes amyntula","Donner Pass",0.800181669469937,"Everes amyntula_Donner Pass"
"Everes amyntula","Lang Crossing",0.18694104565856,"Everes amyntula_Lang Crossing"
"Glaucopsyche lygdamus","Castle Peak",0.027850779094981,"Glaucopsyche lygdamus_Castle Peak"
"Glaucopsyche lygdamus","Donner Pass",0.596155490905858,"Glaucopsyche lygdamus_Donner Pass"
"Glaucopsyche lygdamus","Lang Crossing",-0.415618840732343,"Glaucopsyche lygdamus_Lang Crossing"
"Glaucopsyche piasus","Castle Peak",-0.706086619256247,"Glaucopsyche piasus_Castle Peak"
"Habrodais grunus","Lang Crossing",-0.720488432816089,"Habrodais grunus_Lang Crossing"
"Hesperia colorado harpalus","Castle Peak",-0.518018186584573,"Hesperia colorado harpalus_Castle Peak"
"Hesperia colorado harpalus","Donner Pass",-0.885013707476158,"Hesperia colorado harpalus_Donner Pass"
"Hesperia colorado harpalus","Lang Crossing",-0.789012042548234,"Hesperia colorado harpalus_Lang Crossing"
"Hesperia juba","Castle Peak",-1.03740759729302,"Hesperia juba_Castle Peak"
"Hesperia juba","Donner Pass",-0.989699203450427,"Hesperia juba_Donner Pass"
"Hesperia juba","Lang Crossing",-0.176254448653657,"Hesperia juba_Lang Crossing"
"Hesperia nevada","Castle Peak",-0.725704423512108,"Hesperia nevada_Castle Peak"
"Incisalia augustinus iroides","Castle Peak",-0.33514109574316,"Incisalia augustinus iroides_Castle Peak"
"Incisalia augustinus iroides","Donner Pass",-0.37624762473367,"Incisalia augustinus iroides_Donner Pass"
"Incisalia augustinus iroides","Lang Crossing",-0.329572263655232,"Incisalia augustinus iroides_Lang Crossing"
"Incisalia eryphon","Castle Peak",0.714630441236917,"Incisalia eryphon_Castle Peak"
"Incisalia eryphon","Donner Pass",0.703948922765738,"Incisalia eryphon_Donner Pass"
"Incisalia eryphon","Lang Crossing",-0.081607398726204,"Incisalia eryphon_Lang Crossing"
"Incisalia mossii","Donner Pass",0.138974844157483,"Incisalia mossii_Donner Pass"
"Incisalia mossii","Lang Crossing",0.00979862899236419,"Incisalia mossii_Lang Crossing"
"Junonia coenia","Castle Peak",-0.0678327307797328,"Junonia coenia_Castle Peak"
"Junonia coenia","Donner Pass",-0.359815662573184,"Junonia coenia_Donner Pass"
"Junonia coenia","Lang Crossing",-0.344580413510936,"Junonia coenia_Lang Crossing"
"Limenitis lorquini","Castle Peak",0.465664232156518,"Limenitis lorquini_Castle Peak"
"Limenitis lorquini","Donner Pass",-0.40556058225229,"Limenitis lorquini_Donner Pass"
"Limenitis lorquini","Lang Crossing",0.341832954431723,"Limenitis lorquini_Lang Crossing"
"Lycaeides idas anna","Castle Peak",0.441867664548322,"Lycaeides idas anna_Castle Peak"
"Lycaeides idas anna","Donner Pass",-0.164036796652741,"Lycaeides idas anna_Donner Pass"
"Lycaeides idas anna","Lang Crossing",-0.258384675770314,"Lycaeides idas anna_Lang Crossing"
"Lycaena arota arota","Castle Peak",0.408284169721474,"Lycaena arota arota_Castle Peak"
"Lycaena arota arota","Donner Pass",-0.535368873751326,"Lycaena arota arota_Donner Pass"
"Lycaena arota arota","Lang Crossing",-0.709248798950276,"Lycaena arota arota_Lang Crossing"
"Lycaena cupreus","Castle Peak",-0.767639081475951,"Lycaena cupreus_Castle Peak"
"Lycaena cupreus","Donner Pass",0.50020710451513,"Lycaena cupreus_Donner Pass"
"Lycaena cupreus","Lang Crossing",-0.0298915863229337,"Lycaena cupreus_Lang Crossing"
"Lycaena editha","Castle Peak",-0.853663965582539,"Lycaena editha_Castle Peak"
"Lycaena editha","Donner Pass",-0.524430621442641,"Lycaena editha_Donner Pass"
"Lycaena editha","Lang Crossing",0.320108139956574,"Lycaena editha_Lang Crossing"
"Lycaena helloides","Donner Pass",-0.583899061384777,"Lycaena helloides_Donner Pass"
"Lycaena helloides","Lang Crossing",0.917310256553223,"Lycaena helloides_Lang Crossing"
"Lycaena heteronea","Castle Peak",-0.759708201828798,"Lycaena heteronea_Castle Peak"
"Lycaena heteronea","Donner Pass",-0.828025446641873,"Lycaena heteronea_Donner Pass"
"Lycaena mariposa","Donner Pass",-0.855452839447094,"Lycaena mariposa_Donner Pass"
"Lycaena nivalis","Castle Peak",-0.0838518770553,"Lycaena nivalis_Castle Peak"
"Lycaena nivalis","Donner Pass",-0.184671121272665,"Lycaena nivalis_Donner Pass"
"Lycaena nivalis","Lang Crossing",-0.782060778428601,"Lycaena nivalis_Lang Crossing"
"Mitoura gryneus nelsoni","Donner Pass",-0.52642815961415,"Mitoura gryneus nelsoni_Donner Pass"
"Mitoura gryneus nelsoni","Lang Crossing",-0.0702627287314846,"Mitoura gryneus nelsoni_Lang Crossing"
"Neophasia menapia","Donner Pass",-0.45700962557867,"Neophasia menapia_Donner Pass"
"Neophasia menapia","Lang Crossing",-0.15369994159304,"Neophasia menapia_Lang Crossing"
"Nymphalis antiopa","Castle Peak",0.475237702004213,"Nymphalis antiopa_Castle Peak"
"Nymphalis antiopa","Donner Pass",0.0975500235044018,"Nymphalis antiopa_Donner Pass"
"Nymphalis antiopa","Lang Crossing",-0.227686419191399,"Nymphalis antiopa_Lang Crossing"
"Nymphalis californica","Castle Peak",-0.375314313164463,"Nymphalis californica_Castle Peak"
"Nymphalis californica","Donner Pass",-1.28835470678913,"Nymphalis californica_Donner Pass"
"Nymphalis californica","Lang Crossing",-0.885880702172587,"Nymphalis californica_Lang Crossing"
"Nymphalis milberti","Castle Peak",-0.599247436995165,"Nymphalis milberti_Castle Peak"
"Nymphalis milberti","Donner Pass",-0.578100761251218,"Nymphalis milberti_Donner Pass"
"Ochlodes agricola","Lang Crossing",0.150185632945792,"Ochlodes agricola_Lang Crossing"
"Ochlodes sylvanoides","Castle Peak",-0.217794240591967,"Ochlodes sylvanoides_Castle Peak"
"Ochlodes sylvanoides","Donner Pass",-0.655210263396432,"Ochlodes sylvanoides_Donner Pass"
"Ochlodes sylvanoides","Lang Crossing",-0.731869386314997,"Ochlodes sylvanoides_Lang Crossing"
"Oeneis chryxus ivallda","Castle Peak",-0.681608347847516,"Oeneis chryxus ivallda_Castle Peak"
"Papilio eurymedon","Castle Peak",0.706391731675368,"Papilio eurymedon_Castle Peak"
"Papilio eurymedon","Donner Pass",-0.0108912441397098,"Papilio eurymedon_Donner Pass"
"Papilio eurymedon","Lang Crossing",-0.548966991870297,"Papilio eurymedon_Lang Crossing"
"Papilio indra","Castle Peak",-0.69203934178871,"Papilio indra_Castle Peak"
"Papilio indra","Donner Pass",-0.561704182360977,"Papilio indra_Donner Pass"
"Papilio rutulus","Castle Peak",0.25357646063236,"Papilio rutulus_Castle Peak"
"Papilio rutulus","Donner Pass",0.345319066204367,"Papilio rutulus_Donner Pass"
"Papilio rutulus","Lang Crossing",-0.586699692988261,"Papilio rutulus_Lang Crossing"
"Papilio zelicaon","Castle Peak",-0.161625607357098,"Papilio zelicaon_Castle Peak"
"Papilio zelicaon","Donner Pass",-0.563574699373574,"Papilio zelicaon_Donner Pass"
"Papilio zelicaon","Lang Crossing",-0.0407422125520405,"Papilio zelicaon_Lang Crossing"
"Parnassius clodius","Castle Peak",0.833960322764479,"Parnassius clodius_Castle Peak"
"Parnassius clodius","Donner Pass",-0.30958400356092,"Parnassius clodius_Donner Pass"
"Parnassius clodius","Lang Crossing",0.353738270273696,"Parnassius clodius_Lang Crossing"
"Philotes sonorensis","Lang Crossing",-0.766057795714705,"Philotes sonorensis_Lang Crossing"
"Phyciodes campestris montana","Castle Peak",0.64157577780931,"Phyciodes campestris montana_Castle Peak"
"Phyciodes campestris montana","Donner Pass",-0.0409537433469372,"Phyciodes campestris montana_Donner Pass"
"Phyciodes campestris montana","Lang Crossing",0.216736590970411,"Phyciodes campestris montana_Lang Crossing"
"Phyciodes mylitta","Castle Peak",0.705797744619619,"Phyciodes mylitta_Castle Peak"
"Phyciodes mylitta","Donner Pass",0.0464531689854387,"Phyciodes mylitta_Donner Pass"
"Phyciodes mylitta","Lang Crossing",-0.105986774495151,"Phyciodes mylitta_Lang Crossing"
"Phyciodes orseis herlani","Donner Pass",-0.0550286418130648,"Phyciodes orseis herlani_Donner Pass"
"Pieris napi","Lang Crossing",0.562886864379537,"Pieris napi_Lang Crossing"
"Pieris rapae","Castle Peak",-0.27080351686192,"Pieris rapae_Castle Peak"
"Pieris rapae","Donner Pass",-0.4345965179112,"Pieris rapae_Donner Pass"
"Pieris rapae","Lang Crossing",-0.583977921218434,"Pieris rapae_Lang Crossing"
"Plebejus acmon","Castle Peak",-0.319428659236933,"Plebejus acmon_Castle Peak"
"Plebejus acmon","Donner Pass",-1.12782787483785,"Plebejus acmon_Donner Pass"
"Plebejus acmon","Lang Crossing",0.202415861143186,"Plebejus acmon_Lang Crossing"
"Plebejus icarioides","Castle Peak",0.12733454332347,"Plebejus icarioides_Castle Peak"
"Plebejus icarioides","Donner Pass",0.231234752297482,"Plebejus icarioides_Donner Pass"
"Plebejus icarioides","Lang Crossing",0.0723180101199168,"Plebejus icarioides_Lang Crossing"
"Plebejus lupini","Castle Peak",0.194600086559826,"Plebejus lupini_Castle Peak"
"Plebejus lupini","Donner Pass",0.454530218616321,"Plebejus lupini_Donner Pass"
"Plebejus lupini","Lang Crossing",-0.276909263955221,"Plebejus lupini_Lang Crossing"
"Plebejus saepiolus","Castle Peak",0.276584889753317,"Plebejus saepiolus_Castle Peak"
"Plebejus saepiolus","Donner Pass",-0.456892292596622,"Plebejus saepiolus_Donner Pass"
"Plebejus saepiolus","Lang Crossing",0.234473366895114,"Plebejus saepiolus_Lang Crossing"
"Plebejus shasta","Castle Peak",-0.33235163327396,"Plebejus shasta_Castle Peak"
"Polites sabuleti tecumseh","Castle Peak",-0.224028948548882,"Polites sabuleti tecumseh_Castle Peak"
"Polites sabuleti tecumseh","Donner Pass",-0.416998218325739,"Polites sabuleti tecumseh_Donner Pass"
"Polites sonora","Castle Peak",-0.416449451005564,"Polites sonora_Castle Peak"
"Polites sonora","Donner Pass",-0.181269257440624,"Polites sonora_Donner Pass"
"Polites sonora","Lang Crossing",-1.09916103220065,"Polites sonora_Lang Crossing"
"Polygonia faunus","Donner Pass",0.0108162081359354,"Polygonia faunus_Donner Pass"
"Polygonia zephyrus","Castle Peak",-0.0372664648650906,"Polygonia zephyrus_Castle Peak"
"Polygonia zephyrus","Donner Pass",-0.270573809421998,"Polygonia zephyrus_Donner Pass"
"Polygonia zephyrus","Lang Crossing",-0.396946673439434,"Polygonia zephyrus_Lang Crossing"
"Pontia beckerii","Donner Pass",-0.695500219590018,"Pontia beckerii_Donner Pass"
"Pontia occidentalis","Castle Peak",-0.44614829464855,"Pontia occidentalis_Castle Peak"
"Pontia occidentalis","Donner Pass",-0.872369212988048,"Pontia occidentalis_Donner Pass"
"Pontia protodice","Castle Peak",-0.370895695431601,"Pontia protodice_Castle Peak"
"Pontia protodice","Donner Pass",-0.842736687051814,"Pontia protodice_Donner Pass"
"Pontia protodice","Lang Crossing",-0.447082257480932,"Pontia protodice_Lang Crossing"
"Pontia sisymbrii","Castle Peak",0.962109270604456,"Pontia sisymbrii_Castle Peak"
"Pontia sisymbrii","Donner Pass",-1.0042612673378,"Pontia sisymbrii_Donner Pass"
"Pontia sisymbrii","Lang Crossing",0.349594310633691,"Pontia sisymbrii_Lang Crossing"
"Pyrgus communis","Castle Peak",0.159060085029694,"Pyrgus communis_Castle Peak"
"Pyrgus communis","Donner Pass",-0.321782561646108,"Pyrgus communis_Donner Pass"
"Pyrgus communis","Lang Crossing",-0.111735632773497,"Pyrgus communis_Lang Crossing"
"Pyrgus ruralis","Castle Peak",-0.34429552968615,"Pyrgus ruralis_Castle Peak"
"Pyrgus ruralis","Donner Pass",0.895252923440081,"Pyrgus ruralis_Donner Pass"
"Pyrgus ruralis","Lang Crossing",1.25833525911874,"Pyrgus ruralis_Lang Crossing"
"Satyrium auretorum","Lang Crossing",0.445688300724759,"Satyrium auretorum_Lang Crossing"
"Satyrium behrii","Castle Peak",-0.0663221806199805,"Satyrium behrii_Castle Peak"
"Satyrium behrii","Donner Pass",-0.778391960077326,"Satyrium behrii_Donner Pass"
"Satyrium californica","Donner Pass",0.232312940517859,"Satyrium californica_Donner Pass"
"Satyrium californica","Lang Crossing",1.25255326797623,"Satyrium californica_Lang Crossing"
"Satyrium fuliginosum fuliginosum","Castle Peak",-0.101134947043841,"Satyrium fuliginosum fuliginosum_Castle Peak"
"Satyrium fuliginosum fuliginosum","Donner Pass",-0.404722771677606,"Satyrium fuliginosum fuliginosum_Donner Pass"
"Satyrium saepium","Castle Peak",-0.802147408806054,"Satyrium saepium_Castle Peak"
"Satyrium saepium","Donner Pass",-1.0895033344969,"Satyrium saepium_Donner Pass"
"Satyrium saepium","Lang Crossing",-0.505736339228571,"Satyrium saepium_Lang Crossing"
"Satyrium sylvinus","Donner Pass",-0.492703092474351,"Satyrium sylvinus_Donner Pass"
"Satyrium sylvinus","Lang Crossing",-0.176676046284618,"Satyrium sylvinus_Lang Crossing"
"Speyeria atlantis irene","Castle Peak",0.0487710982841048,"Speyeria atlantis irene_Castle Peak"
"Speyeria atlantis irene","Donner Pass",0.123954169332291,"Speyeria atlantis irene_Donner Pass"
"Speyeria atlantis irene","Lang Crossing",-0.486370217410777,"Speyeria atlantis irene_Lang Crossing"
"Speyeria callippe juba","Lang Crossing",0.815804543491971,"Speyeria callippe juba_Lang Crossing"
"Speyeria coronis","Castle Peak",0.745846020912202,"Speyeria coronis_Castle Peak"
"Speyeria coronis","Donner Pass",-0.240959558404305,"Speyeria coronis_Donner Pass"
"Speyeria coronis","Lang Crossing",0.492379597052964,"Speyeria coronis_Lang Crossing"
"Speyeria cybele leto","Donner Pass",-1.04143773357005,"Speyeria cybele leto_Donner Pass"
"Speyeria cybele leto","Lang Crossing",-0.114461529112566,"Speyeria cybele leto_Lang Crossing"
"Speyeria egleis","Castle Peak",0.145431567182675,"Speyeria egleis_Castle Peak"
"Speyeria egleis","Donner Pass",-0.178706274201636,"Speyeria egleis_Donner Pass"
"Speyeria hydaspe","Donner Pass",-0.595939375566477,"Speyeria hydaspe_Donner Pass"
"Speyeria hydaspe","Lang Crossing",-0.0168143434990444,"Speyeria hydaspe_Lang Crossing"
"Speyeria mormonia","Castle Peak",0.0172426586999625,"Speyeria mormonia_Castle Peak"
"Speyeria mormonia","Donner Pass",-0.658233640065075,"Speyeria mormonia_Donner Pass"
"Speyeria zerene","Castle Peak",0.256849333767957,"Speyeria zerene_Castle Peak"
"Speyeria zerene","Donner Pass",-0.860468390177972,"Speyeria zerene_Donner Pass"
"Speyeria zerene","Lang Crossing",-0.120343079651356,"Speyeria zerene_Lang Crossing"
"Strymon melinus","Castle Peak",-0.249753758327924,"Strymon melinus_Castle Peak"
"Strymon melinus","Donner Pass",-0.22453090636471,"Strymon melinus_Donner Pass"
"Strymon melinus","Lang Crossing",-0.545481589953328,"Strymon melinus_Lang Crossing"
"Thorybes mexicana nevada","Castle Peak",-0.619259978844256,"Thorybes mexicana nevada_Castle Peak"
"Thorybes mexicana nevada","Donner Pass",-0.734526964238364,"Thorybes mexicana nevada_Donner Pass"
"Thorybes pylades","Lang Crossing",0.218551355514685,"Thorybes pylades_Lang Crossing"
"Vanessa annabella","Castle Peak",-0.674051792195045,"Vanessa annabella_Castle Peak"
"Vanessa annabella","Donner Pass",-1.12343274121268,"Vanessa annabella_Donner Pass"
"Vanessa annabella","Lang Crossing",-0.682049515826482,"Vanessa annabella_Lang Crossing"
"Vanessa atalanta","Donner Pass",-0.620395371096603,"Vanessa atalanta_Donner Pass"
"Vanessa atalanta","Lang Crossing",-0.506540581273614,"Vanessa atalanta_Lang Crossing"
"Vanessa cardui","Castle Peak",-0.186986884484612,"Vanessa cardui_Castle Peak"
"Vanessa cardui","Donner Pass",-0.29955107541053,"Vanessa cardui_Donner Pass"
"Vanessa cardui","Lang Crossing",-0.174911188061977,"Vanessa cardui_Lang Crossing"
"Vanessa virginiensis","Castle Peak",0.364370896815232,"Vanessa virginiensis_Castle Peak"
"Vanessa virginiensis","Donner Pass",-0.399648909947877,"Vanessa virginiensis_Donner Pass"
"Vanessa virginiensis","Lang Crossing",-0.172664230679747,"Vanessa virginiensis_Lang Crossing"
