genus_species,site_name,wintering
Adelpha bredowii californica,Castle Peak,no
Adelpha bredowii californica,Donner Pass,no
Adelpha bredowii californica,Gates Canyon,larva
Adelpha bredowii californica,Lang Crossing,larva
Adelpha bredowii californica,North Sacramento,no
Adelpha bredowii californica,Rancho Cordova,NA
Adelpha bredowii californica,Sierra Valley,NA
Adelpha bredowii californica,Suisun Marsh,no
Adelpha bredowii californica,Washington,larva
Adelpha bredowii californica,West Sacramento,no
Agraulis vanillae,Gates Canyon,adult
Agraulis vanillae,North Sacramento,adult
Agraulis vanillae,Rancho Cordova,adult
Agraulis vanillae,Suisun Marsh,adult
Agriades podarce,Castle Peak,larva
Agriades podarce,Donner Pass,larva
Amblyscirtes vialis,Donner Pass,larva
Amblyscirtes vialis,Lang Crossing,larva
Amblyscirtes vialis,Washington,larva
Anthocharis lanceolata,Donner Pass,no
Anthocharis lanceolata,Lang Crossing,pupa
Anthocharis lanceolata,Sierra Valley,NA
Anthocharis lanceolata,Washington,pupa
Anthocharis sara sara,Castle Peak,pupa
Anthocharis sara sara,Donner Pass,pupa
Anthocharis sara sara,Gates Canyon,pupa
Anthocharis sara sara,Lang Crossing,pupa
Anthocharis sara sara,North Sacramento,no
Anthocharis sara sara,Rancho Cordova,no
Anthocharis sara sara,Washington,pupa
Anthocharis sara sara,West Sacramento,no
Anthocharis sara thoosa,Sierra Valley,pupa
Anthocharis stella,Castle Peak,pupa
Anthocharis stella,Donner Pass,pupa
Anthocharis stella,Lang Crossing,pupa
Anthocharis stella,Sierra Valley,pupa
Apodemia mormo,Donner Pass,larva
Apodemia mormo,Gates Canyon,no
Apodemia mormo,Lang Crossing,larva
Apodemia mormo,Washington,larva
Atalopedes campestris,Castle Peak,no
Atalopedes campestris,Donner Pass,larva
Atalopedes campestris,Gates Canyon,larva
Atalopedes campestris,Lang Crossing,larva
Atalopedes campestris,North Sacramento,larva
Atalopedes campestris,Rancho Cordova,larva
Atalopedes campestris,Sierra Valley,NA
Atalopedes campestris,Suisun Marsh,larva
Atalopedes campestris,Washington,NA
Atalopedes campestris,West Sacramento,larva
Atlides halesus,Castle Peak,no
Atlides halesus,Donner Pass,no
Atlides halesus,Gates Canyon,pupa
Atlides halesus,Lang Crossing,pupa
Atlides halesus,North Sacramento,pupa
Atlides halesus,Rancho Cordova,pupa
Atlides halesus,Sierra Valley,pupa
Atlides halesus,Suisun Marsh,NA
Atlides halesus,Washington,pupa
Atlides halesus,West Sacramento,pupa
Battus philenor,Gates Canyon,pupa
Battus philenor,Lang Crossing,pupa
Battus philenor,North Sacramento,pupa
Battus philenor,Rancho Cordova,pupa
Battus philenor,Suisun Marsh,no
Battus philenor,Washington,no
Battus philenor,West Sacramento,no
Boloria epithore,Castle Peak,larva
Boloria epithore,Donner Pass,larva
Boloria epithore,Lang Crossing,larva
Boloria epithore,Sierra Valley,larva
Brephidium exile,Donner Pass,no
Brephidium exile,Gates Canyon,no
Brephidium exile,Lang Crossing,no
Brephidium exile,North Sacramento,no
Brephidium exile,Rancho Cordova,no
Brephidium exile,Sierra Valley,no
Brephidium exile,Suisun Marsh,NA
Brephidium exile,Washington,no
Brephidium exile,West Sacramento,no
Callophrys dumetorum,Gates Canyon,pupa
Callophrys dumetorum,Lang Crossing,pupa
Callophrys dumetorum,Rancho Cordova,pupa
Callophrys dumetorum,Washington,pupa
Callophrys sheridanii lemberti,Castle Peak,pupa
Callophrys sheridanii lemberti,Donner Pass,pupa
Callophrys sheridanii lemberti,Lang Crossing,pupa
Callophrys sheridanii lemberti,Sierra Valley,pupa
Carterocephalus palaemon,Washington,larva
Celastrina ladon echo,Castle Peak,pupa
Celastrina ladon echo,Donner Pass,pupa
Celastrina ladon echo,Gates Canyon,pupa
Celastrina ladon echo,Lang Crossing,pupa
Celastrina ladon echo,North Sacramento,pupa
Celastrina ladon echo,Rancho Cordova,no
Celastrina ladon echo,Sierra Valley,NA
Celastrina ladon echo,Suisun Marsh,no
Celastrina ladon echo,Washington,pupa
Celastrina ladon echo,West Sacramento,no
Cercyonis oetus,Castle Peak,larva
Cercyonis oetus,Sierra Valley,larva
Cercyonis pegala boopis,Gates Canyon,larva
Cercyonis pegala boopis,Sierra Valley,larva
Cercyonis sthenele silvestris,Donner Pass,no
Cercyonis sthenele silvestris,Gates Canyon,no
Cercyonis sthenele silvestris,Lang Crossing,larva
Cercyonis sthenele silvestris,Sierra Valley,larva
Cercyonis sthenele silvestris,Suisun Marsh,no
Cercyonis sthenele silvestris,Washington,larva
Chlosyne hoffmanni,Castle Peak,larva
Chlosyne hoffmanni,Donner Pass,larva
Chlosyne hoffmanni,Lang Crossing,no
Chlosyne lacinia,North Sacramento,larva
Chlosyne palla,Castle Peak,larva
Chlosyne palla,Donner Pass,larva
Chlosyne palla,Gates Canyon,larva
Chlosyne palla,Lang Crossing,larva
Chlosyne palla,North Sacramento,larva
Chlosyne palla,Rancho Cordova,larva
Chlosyne palla,Sierra Valley,larva
Chlosyne palla,Suisun Marsh,no
Chlosyne palla,Washington,larva
Coenonympha tullia ampelos,Castle Peak,larva
Coenonympha tullia ampelos,Donner Pass,no
Coenonympha tullia ampelos,Sierra Valley,larva
Coenonympha tullia california,Donner Pass,no
Coenonympha tullia california,Gates Canyon,larva
Coenonympha tullia california,Lang Crossing,larva
Coenonympha tullia california,North Sacramento,larva
Coenonympha tullia california,Rancho Cordova,larva
Coenonympha tullia california,Suisun Marsh,NA
Coenonympha tullia california,Washington,larva
Coenonympha tullia california,West Sacramento,no
Colias alexandra,Donner Pass,larva
Colias alexandra,Sierra Valley,larva
Colias eurytheme,Castle Peak,larva
Colias eurytheme,Donner Pass,larva
Colias eurytheme,Gates Canyon,larva
Colias eurytheme,Lang Crossing,larva
Colias eurytheme,North Sacramento,larva
Colias eurytheme,Rancho Cordova,larva
Colias eurytheme,Sierra Valley,larva
Colias eurytheme,Suisun Marsh,larva
Colias eurytheme,Washington,larva
Colias eurytheme,West Sacramento,larva
Colias philodice (eriphyle),Donner Pass,no
Colias philodice (eriphyle),Sierra Valley,larva
Danaus glippus,Donner Pass,NA
Danaus plexippus,Castle Peak,no
Danaus plexippus,Donner Pass,no
Danaus plexippus,Gates Canyon,no
Danaus plexippus,Lang Crossing,no
Danaus plexippus,North Sacramento,no
Danaus plexippus,Rancho Cordova,no
Danaus plexippus,Sierra Valley,no
Danaus plexippus,Suisun Marsh,no
Danaus plexippus,Washington,no
Danaus plexippus,West Sacramento,no
Epargyreus clarus,Gates Canyon,larva
Epargyreus clarus,Lang Crossing,pupa
Epargyreus clarus,North Sacramento,pupa
Epargyreus clarus,Rancho Cordova,no
Epargyreus clarus,Suisun Marsh,no
Epargyreus clarus,Washington,pupa
Epargyreus clarus,West Sacramento,no
Erynnis brizo lacustra,Washington,no
Erynnis funeralis,North Sacramento,no
Erynnis funeralis,Suisun Marsh,no
Erynnis funeralis,West Sacramento,no
Erynnis icelus,Donner Pass,NA
Erynnis icelus,Lang Crossing,larva
Erynnis icelus,Washington,larva
Erynnis pacuvius,Gates Canyon,larva
Erynnis pacuvius,Lang Crossing,larva
Erynnis pacuvius,Washington,larva
Erynnis persius,Castle Peak,NA
Erynnis persius,Donner Pass,larva
Erynnis persius,Gates Canyon,larva
Erynnis persius,Lang Crossing,larva
Erynnis persius,North Sacramento,larva
Erynnis persius,Rancho Cordova,larva
Erynnis persius,Sierra Valley,NA
Erynnis persius,Suisun Marsh,NA
Erynnis persius,Washington,larva
Erynnis persius,West Sacramento,NA
Erynnis propertius,Castle Peak,larva
Erynnis propertius,Donner Pass,larva
Erynnis propertius,Gates Canyon,larva
Erynnis propertius,Lang Crossing,larva
Erynnis propertius,North Sacramento,larva
Erynnis propertius,Rancho Cordova,larva
Erynnis propertius,Sierra Valley,larva
Erynnis propertius,Suisun Marsh,no
Erynnis propertius,Washington,larva
Erynnis propertius,West Sacramento,no
Erynnis tristis,Donner Pass,no
Erynnis tristis,Gates Canyon,larva
Erynnis tristis,Lang Crossing,no
Erynnis tristis,North Sacramento,larva
Erynnis tristis,Rancho Cordova,larva
Erynnis tristis,Suisun Marsh,larva
Erynnis tristis,Washington,larva
Erynnis tristis,West Sacramento,larva
Euchloe ausonides,Castle Peak,pupa
Euchloe ausonides,Donner Pass,no
Euchloe ausonides,Gates Canyon,pupa
Euchloe ausonides,Lang Crossing,pupa
Euchloe ausonides,North Sacramento,pupa
Euchloe ausonides,Rancho Cordova,pupa
Euchloe ausonides,Sierra Valley,pupa
Euchloe ausonides,Suisun Marsh,pupa
Euchloe ausonides,Washington,NA
Euchloe ausonides,West Sacramento,pupa
Euchloe hyantis foothill,Washington,pupa
Euchloe hyantis hyantis,Castle Peak,pupa
Euchloe hyantis hyantis,Donner Pass,pupa
Euchloe hyantis hyantis,Gates Canyon,pupa
Euchloe hyantis hyantis,Lang Crossing,pupa
Euchloe hyantis lotta,Sierra Valley,pupa
Euphilotes battoides,Castle Peak,pupa
Euphilotes battoides,Donner Pass,pupa
Euphilotes battoides,Lang Crossing,pupa
Euphilotes battoides,Sierra Valley,pupa
Euphilotes battoides,Washington,no
Euphilotes enoptes,Castle Peak,pupa
Euphilotes enoptes,Donner Pass,pupa
Euphilotes enoptes,Lang Crossing,pupa
Euphilotes enoptes,Washington,pupa
Euphydryas chalcedona,Donner Pass,no
Euphydryas chalcedona,Gates Canyon,larva
Euphydryas chalcedona,Lang Crossing,larva
Euphydryas chalcedona,North Sacramento,larva
Euphydryas chalcedona,Rancho Cordova,no
Euphydryas chalcedona,Sierra Valley,larva
Euphydryas chalcedona,Suisun Marsh,larva
Euphydryas chalcedona,Washington,larva
Euphydryas chalcedona,West Sacramento,no
Euphydryas editha,Castle Peak,no
Euphydryas editha,Donner Pass,NA
Euphydryas editha,Lang Crossing,larva
Euphydryas editha,Sierra Valley,larva
Euphydryas editha,Washington,larva
Everes amyntula,Castle Peak,larva
Everes amyntula,Donner Pass,larva
Everes amyntula,Lang Crossing,larva
Everes amyntula,Sierra Valley,NA
Everes amyntula,Washington,larva
Everes comyntas,Gates Canyon,larva
Everes comyntas,Lang Crossing,no
Everes comyntas,North Sacramento,larva
Everes comyntas,Rancho Cordova,larva
Everes comyntas,Suisun Marsh,larva
Everes comyntas,Washington,no
Everes comyntas,West Sacramento,larva
Glaucopsyche lygdamus,Castle Peak,pupa
Glaucopsyche lygdamus,Donner Pass,pupa
Glaucopsyche lygdamus,Gates Canyon,pupa
Glaucopsyche lygdamus,Lang Crossing,pupa
Glaucopsyche lygdamus,North Sacramento,pupa
Glaucopsyche lygdamus,Rancho Cordova,pupa
Glaucopsyche lygdamus,Sierra Valley,pupa
Glaucopsyche lygdamus,Suisun Marsh,NA
Glaucopsyche lygdamus,Washington,pupa
Glaucopsyche lygdamus,West Sacramento,pupa
Glaucopsyche piasus,Castle Peak,pupa
Glaucopsyche piasus,Donner Pass,NA
Glaucopsyche piasus,Lang Crossing,NA
Habrodais grunus,Donner Pass,no
Habrodais grunus,Lang Crossing,egg
Habrodais grunus,Washington,egg
Heliopetes ericetorum,Castle Peak,no
Heliopetes ericetorum,Donner Pass,no
Heliopetes ericetorum,Gates Canyon,no
Heliopetes ericetorum,Lang Crossing,no
Heliopetes ericetorum,North Sacramento,no
Heliopetes ericetorum,Rancho Cordova,no
Heliopetes ericetorum,Suisun Marsh,no
Heliopetes ericetorum,Washington,no
Heliopetes ericetorum,West Sacramento,no
Hemiargus isola,Castle Peak,no
Hemiargus isola,Lang Crossing,no
Hemiargus isola,North Sacramento,no
Hemiargus isola,West Sacramento,no
Hesperia colorado harpalus,Castle Peak,NA
Hesperia colorado harpalus,Donner Pass,larva
Hesperia colorado harpalus,Lang Crossing,larva
Hesperia colorado harpalus,Washington,larva
Hesperia colorado idaho,Castle Peak,larva
Hesperia colorado idaho,Donner Pass,no
Hesperia colorado idaho,Sierra Valley,larva
Hesperia colorado ssp.,Washington,larva
Hesperia columbia,Gates Canyon,larva
Hesperia juba,Castle Peak,adult
Hesperia juba,Donner Pass,adult
Hesperia juba,Lang Crossing,adult
Hesperia juba,Sierra Valley,adult
Hesperia juba,Washington,adult
Hesperia lindseyi,Washington,pupa
Hesperia nevada,Castle Peak,larva
Hesperia nevada,Donner Pass,larva
Hylephila phyleus,Donner Pass,no
Hylephila phyleus,Gates Canyon,no
Hylephila phyleus,Lang Crossing,no
Hylephila phyleus,North Sacramento,larva
Hylephila phyleus,Rancho Cordova,larva
Hylephila phyleus,Sierra Valley,no
Hylephila phyleus,Suisun Marsh,larva
Hylephila phyleus,Washington,no
Hylephila phyleus,West Sacramento,larva
Incisalia augustinus iroides,Castle Peak,pupa
Incisalia augustinus iroides,Donner Pass,pupa
Incisalia augustinus iroides,Gates Canyon,pupa
Incisalia augustinus iroides,Lang Crossing,pupa
Incisalia augustinus iroides,North Sacramento,no
Incisalia augustinus iroides,Rancho Cordova,pupa
Incisalia augustinus iroides,Sierra Valley,NA
Incisalia augustinus iroides,Suisun Marsh,pupa
Incisalia augustinus iroides,Washington,pupa
Incisalia augustinus iroides,West Sacramento,pupa
Incisalia eryphon,Castle Peak,pupa
Incisalia eryphon,Donner Pass,pupa
Incisalia eryphon,Lang Crossing,pupa
Incisalia eryphon,Sierra Valley,no
Incisalia eryphon,Washington,pupa
Incisalia mossii,Donner Pass,pupa
Incisalia mossii,Lang Crossing,pupa
Incisalia mossii,Washington,pupa
Junonia coenia,Castle Peak,no
Junonia coenia,Donner Pass,no
Junonia coenia,Gates Canyon,adult
Junonia coenia,Lang Crossing,adult
Junonia coenia,North Sacramento,adult
Junonia coenia,Rancho Cordova,adult
Junonia coenia,Sierra Valley,no
Junonia coenia,Suisun Marsh,adult
Junonia coenia,Washington,NA
Junonia coenia,West Sacramento,adult
Leptotes marina,Castle Peak,no
Leptotes marina,Donner Pass,no
Leptotes marina,Gates Canyon,no
Leptotes marina,North Sacramento,no
Leptotes marina,Rancho Cordova,no
Leptotes marina,Sierra Valley,no
Leptotes marina,Suisun Marsh,no
Leptotes marina,Washington,no
Leptotes marina,West Sacramento,NA
Lerodea eufala,Gates Canyon,NA
Lerodea eufala,Lang Crossing,no
Lerodea eufala,North Sacramento,larva
Lerodea eufala,Rancho Cordova,larva
Lerodea eufala,Suisun Marsh,NA
Lerodea eufala,Washington,no
Lerodea eufala,West Sacramento,NA
Limenitis lorquini,Castle Peak,larva
Limenitis lorquini,Donner Pass,larva
Limenitis lorquini,Gates Canyon,larva
Limenitis lorquini,Lang Crossing,larva
Limenitis lorquini,North Sacramento,larva
Limenitis lorquini,Rancho Cordova,larva
Limenitis lorquini,Sierra Valley,larva
Limenitis lorquini,Suisun Marsh,no
Limenitis lorquini,Washington,larva
Limenitis lorquini,West Sacramento,larva
Lycaeides idas anna,Castle Peak,egg
Lycaeides idas anna,Donner Pass,egg
Lycaeides idas anna,Lang Crossing,larva
Lycaeides idas anna,Washington,larva
Lycaeides melissa melissa,Donner Pass,NA
Lycaeides melissa melissa,Sierra Valley,egg
Lycaena arota arota,Castle Peak,egg
Lycaena arota arota,Donner Pass,egg
Lycaena arota arota,Gates Canyon,egg
Lycaena arota arota,Lang Crossing,egg
Lycaena arota arota,Sierra Valley,egg
Lycaena arota arota,Washington,egg
Lycaena arota virginiensis,Sierra Valley,egg
Lycaena cupreus,Castle Peak,egg
Lycaena cupreus,Donner Pass,egg
Lycaena cupreus,Lang Crossing,egg
Lycaena cupreus,Sierra Valley,no
Lycaena editha,Castle Peak,egg
Lycaena editha,Donner Pass,egg
Lycaena editha,Lang Crossing,egg
Lycaena editha,Sierra Valley,egg
Lycaena gorgon,Gates Canyon,egg
Lycaena gorgon,Lang Crossing,no
Lycaena gorgon,Washington,egg
Lycaena helloides,Castle Peak,egg
Lycaena helloides,Donner Pass,egg
Lycaena helloides,Gates Canyon,egg
Lycaena helloides,Lang Crossing,egg
Lycaena helloides,North Sacramento,egg
Lycaena helloides,Rancho Cordova,egg
Lycaena helloides,Sierra Valley,egg
Lycaena helloides,Suisun Marsh,egg
Lycaena helloides,Washington,NA
Lycaena helloides,West Sacramento,egg
Lycaena heteronea,Castle Peak,egg
Lycaena heteronea,Donner Pass,egg
Lycaena heteronea,Lang Crossing,egg
Lycaena heteronea,Sierra Valley,no
Lycaena mariposa,Castle Peak,egg
Lycaena mariposa,Donner Pass,egg
Lycaena nivalis,Castle Peak,egg
Lycaena nivalis,Donner Pass,egg
Lycaena nivalis,Lang Crossing,no
Lycaena rubidus,Castle Peak,no
Lycaena rubidus,Donner Pass,egg
Lycaena xanthoides,Gates Canyon,egg
Lycaena xanthoides,North Sacramento,egg
Lycaena xanthoides,Suisun Marsh,egg
Lycaena xanthoides,Washington,NA
Lycaena xanthoides,West Sacramento,egg
Mitoura gryneus chalcosiva,Sierra Valley,pupa
Mitoura gryneus nelsoni,Donner Pass,no
Mitoura gryneus nelsoni,Lang Crossing,pupa
Mitoura gryneus nelsoni,Washington,pupa
Mitoura johnsoni,Donner Pass,pupa
Mitoura johnsoni,Gates Canyon,pupa
Mitoura johnsoni,Lang Crossing,NA
Mitoura johnsoni,Washington,NA
Mitoura spinetorum,Castle Peak,NA
Mitoura spinetorum,Donner Pass,pupa
Mitoura spinetorum,Lang Crossing,NA
Mitoura spinetorum,Sierra Valley,NA
Mitoura spinetorum,Washington,NA
Nathalis iole,Castle Peak,no
Nathalis iole,Donner Pass,no
Nathalis iole,Suisun Marsh,no
Nathalis iole,West Sacramento,no
Neophasia menapia,Castle Peak,egg
Neophasia menapia,Donner Pass,egg
Neophasia menapia,Lang Crossing,egg
Neophasia menapia,Sierra Valley,egg
Neophasia menapia,Washington,egg
Nymphalis antiopa,Castle Peak,adult
Nymphalis antiopa,Donner Pass,adult
Nymphalis antiopa,Gates Canyon,adult
Nymphalis antiopa,Lang Crossing,adult
Nymphalis antiopa,North Sacramento,adult
Nymphalis antiopa,Rancho Cordova,adult
Nymphalis antiopa,Sierra Valley,adult
Nymphalis antiopa,Suisun Marsh,adult
Nymphalis antiopa,Washington,adult
Nymphalis antiopa,West Sacramento,adult
Nymphalis californica,Castle Peak,adult
Nymphalis californica,Donner Pass,adult
Nymphalis californica,Gates Canyon,adult
Nymphalis californica,Lang Crossing,adult
Nymphalis californica,North Sacramento,adult
Nymphalis californica,Rancho Cordova,adult
Nymphalis californica,Sierra Valley,adult
Nymphalis californica,Suisun Marsh,adult
Nymphalis californica,Washington,adult
Nymphalis californica,West Sacramento,adult
Nymphalis milberti,Castle Peak,adult
Nymphalis milberti,Donner Pass,adult
Nymphalis milberti,Gates Canyon,adult
Nymphalis milberti,Lang Crossing,adult
Nymphalis milberti,North Sacramento,adult
Nymphalis milberti,Rancho Cordova,adult
Nymphalis milberti,Sierra Valley,adult
Nymphalis milberti,Suisun Marsh,adult
Nymphalis milberti,Washington,adult
Nymphalis milberti,West Sacramento,adult
Ochlodes agricola,Donner Pass,larva
Ochlodes agricola,Gates Canyon,larva
Ochlodes agricola,Lang Crossing,larva
Ochlodes agricola,Washington,larva
Ochlodes sylvanoides,Castle Peak,larva
Ochlodes sylvanoides,Donner Pass,larva
Ochlodes sylvanoides,Gates Canyon,larva
Ochlodes sylvanoides,Lang Crossing,larva
Ochlodes sylvanoides,North Sacramento,larva
Ochlodes sylvanoides,Rancho Cordova,larva
Ochlodes sylvanoides,Sierra Valley,larva
Ochlodes sylvanoides,Suisun Marsh,larva
Ochlodes sylvanoides,Washington,larva
Ochlodes sylvanoides,West Sacramento,larva
Ochlodes yuma,Donner Pass,no
Ochlodes yuma,North Sacramento,no
Ochlodes yuma,Rancho Cordova,no
Ochlodes yuma,Suisun Marsh,larva
Ochlodes yuma,West Sacramento,no
Oeneis chryxus ivallda,Castle Peak,larva
Oeneis chryxus ivallda,Donner Pass,no
Papilio eurymedon,Castle Peak,pupa
Papilio eurymedon,Donner Pass,pupa
Papilio eurymedon,Gates Canyon,pupa
Papilio eurymedon,Lang Crossing,pupa
Papilio eurymedon,North Sacramento,pupa
Papilio eurymedon,Rancho Cordova,no
Papilio eurymedon,Sierra Valley,pupa
Papilio eurymedon,Washington,pupa
Papilio indra,Castle Peak,pupa
Papilio indra,Donner Pass,pupa
Papilio indra,Lang Crossing,pupa
Papilio multicaudatus,Gates Canyon,pupa
Papilio multicaudatus,Lang Crossing,pupa
Papilio multicaudatus,North Sacramento,pupa
Papilio multicaudatus,Rancho Cordova,pupa
Papilio multicaudatus,Sierra Valley,pupa
Papilio multicaudatus,Suisun Marsh,no
Papilio multicaudatus,Washington,pupa
Papilio multicaudatus,West Sacramento,pupa
Papilio rutulus,Castle Peak,pupa
Papilio rutulus,Donner Pass,pupa
Papilio rutulus,Gates Canyon,pupa
Papilio rutulus,Lang Crossing,pupa
Papilio rutulus,North Sacramento,pupa
Papilio rutulus,Rancho Cordova,pupa
Papilio rutulus,Sierra Valley,pupa
Papilio rutulus,Suisun Marsh,pupa
Papilio rutulus,Washington,pupa
Papilio rutulus,West Sacramento,pupa
Papilio zelicaon,Castle Peak,pupa
Papilio zelicaon,Donner Pass,pupa
Papilio zelicaon,Gates Canyon,pupa
Papilio zelicaon,Lang Crossing,pupa
Papilio zelicaon,North Sacramento,pupa
Papilio zelicaon,Rancho Cordova,pupa
Papilio zelicaon,Sierra Valley,pupa
Papilio zelicaon,Suisun Marsh,pupa
Papilio zelicaon,Washington,pupa
Papilio zelicaon,West Sacramento,pupa
Parnassius clodius,Castle Peak,larva
Parnassius clodius,Donner Pass,larva
Parnassius clodius,Lang Crossing,larva
Parnassius clodius,Washington,larva
Parnassius phoebus behrii,Donner Pass,no
Philotes sonorensis,Lang Crossing,pupa
Philotes sonorensis,Washington,pupa
Phoebis sennae,Lang Crossing,no
Phoebis sennae,Sierra Valley,no
Phoebis sennae,Suisun Marsh,adult
Phoebis sennae,Washington,no
Pholisora catullus,Donner Pass,no
Pholisora catullus,Gates Canyon,larva
Pholisora catullus,North Sacramento,larva
Pholisora catullus,Rancho Cordova,larva
Pholisora catullus,Sierra Valley,no
Pholisora catullus,Suisun Marsh,larva
Pholisora catullus,Washington,no
Pholisora catullus,West Sacramento,larva
Phyciodes campestris campestris,Gates Canyon,larva
Phyciodes campestris campestris,Lang Crossing,no
Phyciodes campestris campestris,North Sacramento,larva
Phyciodes campestris campestris,Rancho Cordova,larva
Phyciodes campestris campestris,Sierra Valley,larva
Phyciodes campestris campestris,Suisun Marsh,larva
Phyciodes campestris campestris,Washington,larva
Phyciodes campestris campestris,West Sacramento,larva
Phyciodes campestris campestris/montana,Sierra Valley,larva
Phyciodes campestris montana,Castle Peak,larva
Phyciodes campestris montana,Donner Pass,larva
Phyciodes campestris montana,Lang Crossing,larva
Phyciodes campestris montana,Sierra Valley,larva
Phyciodes campestris montana,Washington,larva
Phyciodes mylitta,Castle Peak,larva
Phyciodes mylitta,Donner Pass,larva
Phyciodes mylitta,Gates Canyon,larva
Phyciodes mylitta,Lang Crossing,larva
Phyciodes mylitta,North Sacramento,larva
Phyciodes mylitta,Rancho Cordova,larva
Phyciodes mylitta,Sierra Valley,larva
Phyciodes mylitta,Suisun Marsh,larva
Phyciodes mylitta,Washington,larva
Phyciodes mylitta,West Sacramento,larva
Phyciodes orseis herlani,Castle Peak,larva
Phyciodes orseis herlani,Donner Pass,larva
Phyciodes orseis herlani,Lang Crossing,no
Pieris napi,Donner Pass,no
Pieris napi,Gates Canyon,pupa
Pieris napi,Lang Crossing,pupa
Pieris napi,Washington,pupa
Pieris rapae,Castle Peak,pupa
Pieris rapae,Donner Pass,pupa
Pieris rapae,Gates Canyon,pupa
Pieris rapae,Lang Crossing,pupa
Pieris rapae,North Sacramento,pupa
Pieris rapae,Rancho Cordova,pupa
Pieris rapae,Sierra Valley,pupa
Pieris rapae,Suisun Marsh,pupa
Pieris rapae,Washington,pupa
Pieris rapae,West Sacramento,pupa
Plebejus acmon,Castle Peak,larva
Plebejus acmon,Donner Pass,larva
Plebejus acmon,Gates Canyon,larva
Plebejus acmon,Gates Canyon,larva
Plebejus acmon,Lang Crossing,larva
Plebejus acmon,North Sacramento,larva
Plebejus acmon,Rancho Cordova,larva
Plebejus acmon,Sierra Valley,larva
Plebejus acmon,Sierra Valley,larva
Plebejus acmon,Suisun Marsh,larva
Plebejus acmon,Washington,larva
Plebejus acmon,West Sacramento,larva
Plebejus icarioides,Castle Peak,larva
Plebejus icarioides,Donner Pass,larva
Plebejus icarioides,Gates Canyon,larva
Plebejus icarioides,Lang Crossing,larva
Plebejus icarioides,Sierra Valley,larva
Plebejus icarioides,Washington,larva
Plebejus icarioides,West Sacramento,larva
Plebejus lupini,Castle Peak,larva
Plebejus lupini,Donner Pass,larva
Plebejus lupini,Lang Crossing,larva
Plebejus lupini,Washington,larva
Plebejus saepiolus,Castle Peak,larva
Plebejus saepiolus,Donner Pass,larva
Plebejus saepiolus,Lang Crossing,larva
Plebejus saepiolus,Sierra Valley,larva
Plebejus shasta,Castle Peak,egg
Plebejus shasta,Donner Pass,egg
Poanes melane,Gates Canyon,larva
Poanes melane,Lang Crossing,larva
Poanes melane,North Sacramento,larva
Poanes melane,Rancho Cordova,larva
Poanes melane,Suisun Marsh,larva
Poanes melane,Washington,larva
Poanes melane,West Sacramento,larva
Polites sabuleti sabuleti,Donner Pass,no
Polites sabuleti sabuleti,Gates Canyon,no
Polites sabuleti sabuleti,Lang Crossing,no
Polites sabuleti sabuleti,North Sacramento,pupa
Polites sabuleti sabuleti,Rancho Cordova,no
Polites sabuleti sabuleti,Sierra Valley,no
Polites sabuleti sabuleti,Suisun Marsh,pupa
Polites sabuleti sabuleti,Washington,no
Polites sabuleti sabuleti,West Sacramento,pupa
Polites sabuleti ssp.,Castle Peak,larva
Polites sabuleti ssp.,Donner Pass,no
Polites sabuleti ssp.,Sierra Valley,larva
Polites sabuleti tecumseh,Castle Peak,larva
Polites sabuleti tecumseh,Donner Pass,larva
Polites sabuleti tecumseh,Lang Crossing,larva
Polites sabuleti tecumseh,Sierra Valley,larva
Polites sonora,Castle Peak,larva
Polites sonora,Donner Pass,larva
Polites sonora,Lang Crossing,larva
Polites sonora,Sierra Valley,larva
Polites sonora,Washington,no
Polygonia faunus,Castle Peak,adult
Polygonia faunus,Donner Pass,adult
Polygonia faunus,Lang Crossing,adult
Polygonia satyrus,Donner Pass,adult
Polygonia satyrus,Gates Canyon,adult
Polygonia satyrus,Lang Crossing,adult
Polygonia satyrus,North Sacramento,adult
Polygonia satyrus,Rancho Cordova,adult
Polygonia satyrus,Suisun Marsh,adult
Polygonia satyrus,Washington,adult
Polygonia satyrus,West Sacramento,adult
Polygonia zephyrus,Castle Peak,adult
Polygonia zephyrus,Donner Pass,adult
Polygonia zephyrus,Gates Canyon,adult
Polygonia zephyrus,Lang Crossing,adult
Polygonia zephyrus,Sierra Valley,adult
Polygonia zephyrus,Washington,adult
Pontia beckerii,Castle Peak,no
Pontia beckerii,Donner Pass,no
Pontia beckerii,Sierra Valley,pupa
Pontia occidentalis,Castle Peak,pupa
Pontia occidentalis,Donner Pass,pupa
Pontia occidentalis,Lang Crossing,pupa
Pontia occidentalis,Rancho Cordova,pupa
Pontia occidentalis,Sierra Valley,pupa
Pontia protodice,Castle Peak,pupa
Pontia protodice,Donner Pass,NA
Pontia protodice,Gates Canyon,pupa
Pontia protodice,Lang Crossing,pupa
Pontia protodice,North Sacramento,pupa
Pontia protodice,Rancho Cordova,pupa
Pontia protodice,Sierra Valley,pupa
Pontia protodice,Suisun Marsh,no
Pontia protodice,Washington,no
Pontia protodice,West Sacramento,pupa
Pontia sisymbrii,Castle Peak,pupa
Pontia sisymbrii,Donner Pass,pupa
Pontia sisymbrii,Gates Canyon,pupa
Pontia sisymbrii,Lang Crossing,pupa
Pontia sisymbrii,North Sacramento,pupa
Pontia sisymbrii,Sierra Valley,pupa
Pontia sisymbrii,Washington,pupa
Pyrgus communis,Castle Peak,larva
Pyrgus communis,Donner Pass,larva
Pyrgus communis,Gates Canyon,larva
Pyrgus communis,Lang Crossing,larva
Pyrgus communis,North Sacramento,larva
Pyrgus communis,Rancho Cordova,larva
Pyrgus communis,Sierra Valley,larva
Pyrgus communis,Suisun Marsh,pupa
Pyrgus communis,Washington,larva
Pyrgus communis,West Sacramento,larva
Pyrgus ruralis,Castle Peak,larva
Pyrgus ruralis,Donner Pass,larva
Pyrgus ruralis,Lang Crossing,larva
Pyrgus ruralis,Washington,no
Pyrgus scriptura,Gates Canyon,pupa
Pyrgus scriptura,North Sacramento,pupa
Pyrgus scriptura,Suisun Marsh,larva
Pyrgus scriptura,West Sacramento,pupa
Satyrium auretorum,Gates Canyon,egg
Satyrium auretorum,Lang Crossing,egg
Satyrium auretorum,North Sacramento,egg
Satyrium auretorum,Rancho Cordova,egg
Satyrium auretorum,Sierra Valley,egg
Satyrium auretorum,Washington,egg
Satyrium behrii,Castle Peak,egg
Satyrium behrii,Donner Pass,egg
Satyrium behrii,Sierra Valley,egg
Satyrium californica,Castle Peak,egg
Satyrium californica,Donner Pass,egg
Satyrium californica,Gates Canyon,egg
Satyrium californica,Lang Crossing,egg
Satyrium californica,North Sacramento,egg
Satyrium californica,Rancho Cordova,egg
Satyrium californica,Sierra Valley,egg
Satyrium californica,Suisun Marsh,NA
Satyrium californica,Washington,egg
Satyrium californica,West Sacramento,egg
Satyrium fuliginosum fuliginosum,Castle Peak,egg
Satyrium fuliginosum fuliginosum,Donner Pass,egg
Satyrium fuliginosum semiluna,Sierra Valley,egg
Satyrium saepium,Castle Peak,egg
Satyrium saepium,Donner Pass,egg
Satyrium saepium,Gates Canyon,egg
Satyrium saepium,Lang Crossing,egg
Satyrium saepium,Sierra Valley,egg
Satyrium saepium,Washington,egg
Satyrium sylvinus,Castle Peak,egg
Satyrium sylvinus,Donner Pass,egg
Satyrium sylvinus,Gates Canyon,egg
Satyrium sylvinus,Lang Crossing,egg
Satyrium sylvinus,North Sacramento,egg
Satyrium sylvinus,Rancho Cordova,NA
Satyrium sylvinus,Sierra Valley,egg
Satyrium sylvinus,Suisun Marsh,NA
Satyrium sylvinus,Washington,egg
Satyrium sylvinus,West Sacramento,egg
Satyrium tetra,Gates Canyon,egg
Satyrium tetra,Sierra Valley,egg
Satyrium tetra,Washington,no
Speyeria atlantis irene,Castle Peak,larva
Speyeria atlantis irene,Donner Pass,larva
Speyeria atlantis irene,Lang Crossing,larva
Speyeria atlantis irene,Washington,no
Speyeria callippe juba,Donner Pass,larva
Speyeria callippe juba,Lang Crossing,larva
Speyeria callippe juba,Rancho Cordova,no
Speyeria callippe juba,Washington,larva
Speyeria callippe nevadensis,Donner Pass,larva
Speyeria callippe nevadensis,Sierra Valley,larva
Speyeria callippe ssp.,Gates Canyon,larva
Speyeria coronis,Castle Peak,larva
Speyeria coronis,Donner Pass,larva
Speyeria coronis,Gates Canyon,larva
Speyeria coronis,Lang Crossing,larva
Speyeria coronis,North Sacramento,no
Speyeria coronis,Sierra Valley,larva
Speyeria coronis,Suisun Marsh,NA
Speyeria cybele leto,Castle Peak,larva
Speyeria cybele leto,Donner Pass,larva
Speyeria cybele leto,Lang Crossing,larva
Speyeria cybele leto,Sierra Valley,larva
Speyeria egleis,Castle Peak,larva
Speyeria egleis,Donner Pass,larva
Speyeria egleis,Lang Crossing,larva
Speyeria egleis,Sierra Valley,no
Speyeria hydaspe,Castle Peak,no
Speyeria hydaspe,Donner Pass,no
Speyeria hydaspe,Lang Crossing,larva
Speyeria hydaspe,Sierra Valley,no
Speyeria hydaspe,Washington,larva
Speyeria mormonia,Castle Peak,larva
Speyeria mormonia,Donner Pass,larva
Speyeria mormonia,Sierra Valley,NA
Speyeria zerene,Castle Peak,larva
Speyeria zerene,Donner Pass,larva
Speyeria zerene,Lang Crossing,larva
Speyeria zerene,Sierra Valley,larva
Speyeria zerene,Washington,larva
Strymon melinus,Castle Peak,no
Strymon melinus,Donner Pass,no
Strymon melinus,Gates Canyon,pupa
Strymon melinus,Lang Crossing,NA
Strymon melinus,North Sacramento,pupa
Strymon melinus,Rancho Cordova,pupa
Strymon melinus,Sierra Valley,no
Strymon melinus,Suisun Marsh,pupa
Strymon melinus,Washington,no
Strymon melinus,West Sacramento,pupa
Thessalia leanira,Gates Canyon,larva
Thessalia leanira,Lang Crossing,NA
Thessalia leanira,Washington,larva
Thorbyes diversus,Lang Crossing,larva
Thorybes diversus,Washington,larva
Thorybes mexicana nevada,Castle Peak,larva
Thorybes mexicana nevada,Donner Pass,larva
Thorybes mexicana nevada,Lang Crossing,larva
Thorybes mexicana nevada,Sierra Valley,larva
Thorybes pylades,Gates Canyon,larva
Thorybes pylades,Lang Crossing,larva
Thorybes pylades,Washington,larva
Vanessa annabella,Castle Peak,adult
Vanessa annabella,Donner Pass,adult
Vanessa annabella,Gates Canyon,all
Vanessa annabella,Lang Crossing,NA
Vanessa annabella,North Sacramento,all
Vanessa annabella,Rancho Cordova,all
Vanessa annabella,Sierra Valley,adult
Vanessa annabella,Suisun Marsh,all
Vanessa annabella,Washington,adult
Vanessa annabella,West Sacramento,all
Vanessa atalanta,Castle Peak,adult
Vanessa atalanta,Donner Pass,adult
Vanessa atalanta,Gates Canyon,adult
Vanessa atalanta,Lang Crossing,no
Vanessa atalanta,North Sacramento,adult
Vanessa atalanta,Rancho Cordova,adult
Vanessa atalanta,Sierra Valley,no
Vanessa atalanta,Suisun Marsh,adult
Vanessa atalanta,Washington,adult
Vanessa atalanta,West Sacramento,adult
Vanessa cardui,Castle Peak,adult
Vanessa cardui,Donner Pass,adult
Vanessa cardui,Gates Canyon,adult
Vanessa cardui,Lang Crossing,no
Vanessa cardui,North Sacramento,adult
Vanessa cardui,Rancho Cordova,adult
Vanessa cardui,Sierra Valley,no
Vanessa cardui,Suisun Marsh,adult
Vanessa cardui,Washington,adult
Vanessa cardui,West Sacramento,adult
Vanessa virginiensis,Castle Peak,adult
Vanessa virginiensis,Donner Pass,adult
Vanessa virginiensis,Gates Canyon,adult
Vanessa virginiensis,Lang Crossing,no
Vanessa virginiensis,North Sacramento,adult
Vanessa virginiensis,Rancho Cordova,adult
Vanessa virginiensis,Sierra Valley,no
Vanessa virginiensis,Suisun Marsh,adult
Vanessa virginiensis,Washington,adult
Vanessa virginiensis,West Sacramento,adult
Zerene eurydice,Gates Canyon,adult
Zerene eurydice,Lang Crossing,pupa
Zerene eurydice,North Sacramento,NA
Zerene eurydice,Rancho Cordova,no
Zerene eurydice,Suisun Marsh,no
Zerene eurydice,Washington,adult
Zerene eurydice,West Sacramento,adult